lognr,runTime,connectionTime,actualTouchTime,amtOfTouches,amtModeKeyPressed,amtOfSessions
1,279.679453,35.172952,14.862861,68,1,1
2,410.555247,13.2,16.520351,13,0,1
3,174.824964,11.5,27.442232,21,0,1
